<?xml version="1.0" encoding="UTF-8"?>
<project-private xmlns="http://www.netbeans.org/ns/project-private/1">
    <editor-bookmarks xmlns="http://www.netbeans.org/ns/editor-bookmarks/2" lastBookmarkId="0"/>
    <open-files xmlns="http://www.netbeans.org/ns/projectui-open-files/2">
        <group>
            <file>file:/C:/Users/User/OneDrive/Documents/Y2S2/CSA3023%20-%20WEB%20APPLICATION/ASSIGNMENT/WebDevelopmentSMS/web/updateProfile.jsp</file>
            <file>file:/C:/Users/User/OneDrive/Documents/Y2S2/CSA3023%20-%20WEB%20APPLICATION/ASSIGNMENT/WebDevelopmentSMS/web/WEB-INF/web.xml</file>
            <file>file:/C:/Users/User/OneDrive/Documents/Y2S2/CSA3023%20-%20WEB%20APPLICATION/ASSIGNMENT/WebDevelopmentSMS/web/homepage.jsp</file>
            <file>file:/C:/Users/User/OneDrive/Documents/Y2S2/CSA3023%20-%20WEB%20APPLICATION/ASSIGNMENT/WebDevelopmentSMS/web/createCourse.jsp</file>
            <file>file:/C:/Users/User/OneDrive/Documents/Y2S2/CSA3023%20-%20WEB%20APPLICATION/ASSIGNMENT/WebDevelopmentSMS/web/profile.jsp</file>
            <file>file:/C:/Users/User/OneDrive/Documents/Y2S2/CSA3023%20-%20WEB%20APPLICATION/ASSIGNMENT/WebDevelopmentSMS/web/studentHome.jsp</file>
            <file>file:/C:/Users/User/OneDrive/Documents/Y2S2/CSA3023%20-%20WEB%20APPLICATION/ASSIGNMENT/WebDevelopmentSMS/web/updateCourse.jsp</file>
            <file>file:/C:/Users/User/OneDrive/Documents/Y2S2/CSA3023%20-%20WEB%20APPLICATION/ASSIGNMENT/WebDevelopmentSMS/web/login.jsp</file>
            <file>file:/C:/Users/User/OneDrive/Documents/Y2S2/CSA3023%20-%20WEB%20APPLICATION/ASSIGNMENT/WebDevelopmentSMS/web/deanHome.jsp</file>
            <file>file:/C:/Users/User/OneDrive/Documents/Y2S2/CSA3023%20-%20WEB%20APPLICATION/ASSIGNMENT/WebDevelopmentSMS/web/validate.jsp</file>
            <file>file:/C:/Users/User/OneDrive/Documents/Y2S2/CSA3023%20-%20WEB%20APPLICATION/ASSIGNMENT/WebDevelopmentSMS/web/logout.jsp</file>
        </group>
    </open-files>
</project-private>
